予定タイトル,終日/非終日,開始日時,終了日時,予約投稿日時,削除予約日時,繰り返し条件,繰り返し終了日,ラベル,説明,場所,GoogleMap URL,URL
幕張土日祝ネタSP12時,非終日,2026-11-14 12:00,2026-11-14 13:00,,,,,1,"開場：11:30
前売：3,500円
当日：4,000円
出演：パンクブーブー／トット／GAG／バンビーノ／コットン／インテイク／他",よしもと幕張イオンモール劇場,,https://ticket.fany.lol/event/detail/21634/55100?utm_medium=schedule&utm_source=makuhari&utm_campaign=%E5%B9%95%E5%BC%B5%E5%9C%9F%E6%97%A5%E7%A5%9D%E3%83%8D%E3%82%BFSP12%E6%99%82
幕張土日祝ネタSP14時,非終日,2026-11-14 14:00,2026-11-14 15:00,,,,,1,"開場：13:30
前売：3,500円
当日：4,000円
出演：パンクブーブー／トット／GAG／すゑひろがりず／バンビーノ／コットン／インテイク／他",よしもと幕張イオンモール劇場,,https://ticket.fany.lol/event/detail/21634/55101?utm_medium=schedule&utm_source=makuhari&utm_campaign=%E5%B9%95%E5%BC%B5%E5%9C%9F%E6%97%A5%E7%A5%9D%E3%83%8D%E3%82%BFSP14%E6%99%82
幕張土日祝ネタSP16時,非終日,2026-11-14 16:00,2026-11-14 17:00,,,,,1,"開場：15:30
前売：3,500円
当日：4,000円
出演：パンクブーブー／トット／GAG／すゑひろがりず／バンビーノ／コットン／インテイク／他",よしもと幕張イオンモール劇場,,https://ticket.fany.lol/event/detail/21634/55102?utm_medium=schedule&utm_source=makuhari&utm_campaign=%E5%B9%95%E5%BC%B5%E5%9C%9F%E6%97%A5%E7%A5%9D%E3%83%8D%E3%82%BFSP16%E6%99%82
積,非終日,2026-11-06 20:00,2026-11-06 21:10,,,,,1,"開場：19:45
前売：2,200円
出演：インテイク / TCクラクション / ストレッチーズ",武蔵野芸能劇場,,https://x.gd/9idEc
