title,date,time_open,time_start,time_end,venue,advance,door,performer,url,streaming_url,streaming_price,preSaleStart,preSaleEnd,general,streaming_end_date,live_id,news_date
ドンココが勝つバトルライブ 国取り合戦,2026-10-02,19:00,19:15,20:15,神保町よしもと漫才劇場,"1,500","2,000",ドンココ／インテイク／ゼロカラン／兄弟／ボブのコーラ／MC：ミカボ,https://x.gd/5H7Ph,,"1,300",2026-08-25T11:00:00,2026-08-28T11:00:00,2026-09-05T10:00:00,,0e4f467afaff41a1b812eda5e435e490,-
渋谷マンゲキお笑いライブ,2026-10-03,10:45,11:00,12:15,渋谷よしもと漫才劇場,"2,800","3,100",ヘンダーソン／ダブルヒガシ／めぞん／今井らいぱち／オフローズ／シンクロニシティ／インテイク／ゼロカラン／ぎょうぶ／他,https://x.gd/biaBL,,,2026-08-25T11:00:00,2026-08-28T11:00:00,2026-09-05T10:00:00,,f1b0c812e7f54219b6bf6ab332202f39,-
渋谷マンゲキお笑いライブ,2026-10-03,12:30,12:45,14:00,渋谷よしもと漫才劇場,"2,800","3,100",ヘンダーソン／ダブルヒガシ／めぞん／今井らいぱち／オフローズ／シンクロニシティ／インテイク／ゼロカラン／ぎょうぶ／他,https://x.gd/jUyrb,,,2026-08-25T11:00:00,2026-08-28T11:00:00,2026-09-05T10:00:00,,fe58e8ec0dc3424a8864f55970cbe0b4,-
渋谷マンゲキお笑いライブ,2026-10-03,14:15,14:30,15:45,渋谷よしもと漫才劇場,"2,800","3,100",ヘンダーソン／ダブルヒガシ／めぞん／今井らいぱち／オフローズ／シンクロニシティ／インテイク／ゼロカラン／ぎょうぶ／他,https://x.gd/nLnUeh,,,2026-08-25T11:00:00,2026-08-28T11:00:00,2026-09-05T10:00:00,,1ff1ea48fcc04bbeb0f8b20774f56932,-
神保町マンゲキお笑いライブ,2026-10-04,10:45,11:00,12:15,神保町よしもと漫才劇場,"2,500","2,800",ダブルヒガシ／くらげ／シモリュウ／オダウエダ／太鵬／軟水／インテイク／生姜猫／他,https://x.gd/6q87H,,,2026-08-25T11:00:00,2026-08-28T11:00:00,2026-09-05T10:00:00,,65d69b9b201e43f7b235e9ce9961a105,-
神保町マンゲキお笑いライブ,2026-10-04,12:45,13:00,14:15,神保町よしもと漫才劇場,"2,500","2,800",ダブルヒガシ／くらげ／シモリュウ／オダウエダ／太鵬／軟水／インテイク／生姜猫／他,https://x.gd/Ub7Je,,,2026-08-25T11:00:00,2026-08-28T11:00:00,2026-09-05T10:00:00,,139e689b02824d71b535ac6fd63bbad9,-
神保町マンゲキお笑いライブ,2026-10-04,14:45,15:00,16:15,神保町よしもと漫才劇場,"2,500","2,800",ダブルヒガシ／くらげ／シモリュウ／オダウエダ／太鵬／軟水／インテイク／生姜猫／他,https://x.gd/Xt2FV,,,2026-08-25T11:00:00,2026-08-28T11:00:00,2026-09-05T10:00:00,,4797d90c207b416cb224a681a469fda7,-
鈴木バイダン漫才修行ライブ,2026-10-10,20:45,21:00,22:00,渋谷よしもと漫才劇場,"2,000","2,500",ビューティフルトーキョーマンズ 鈴木バイダン／水田信二／鶴亀 古賀／素敵じゃないか 柏木／太鵬 がえちゃん／インテイク 鈴木,https://x.gd/OhhT0,,"1,300",2026-08-25T11:00:00,2026-08-28T11:00:00,2026-09-05T10:00:00,,1199a44269f9489da6688319ad5bffdc,-
渋谷マンゲキお笑いライブ,2026-10-11,10:45,11:00,12:15,渋谷よしもと漫才劇場,"2,800","3,100",ニッポンの社長／滝音／ダブルヒガシ／ヨネダ2000／ランパンプス／オフローズ／ド桜／インテイク／喫茶ムーン／生姜猫／他,https://x.gd/uX3G4,,,2026-08-25T11:00:00,2026-08-28T11:00:00,2026-09-05T10:00:00,,f6b99d6a37274a9abde1666efeb48828,-
渋谷マンゲキお笑いライブ,2026-10-11,12:30,12:45,14:00,渋谷よしもと漫才劇場,"2,800","3,100",ニッポンの社長／滝音／ダブルヒガシ／ヨネダ2000／ランパンプス／オフローズ／ド桜／インテイク／喫茶ムーン／生姜猫／他,https://x.gd/B2h09,,,2026-08-25T11:00:00,2026-08-28T11:00:00,2026-09-05T10:00:00,,9b4a60e00a2842618520d0b5491b397a,-
渋谷マンゲキお笑いライブ,2026-10-11,14:15,14:30,15:45,渋谷よしもと漫才劇場,"2,800","3,100",ニッポンの社長／滝音／ダブルヒガシ／ヨネダ2000／ランパンプス／オフローズ／ド桜／インテイク／喫茶ムーン／生姜猫／他,https://x.gd/wORAQ,,,2026-08-25T11:00:00,2026-08-28T11:00:00,2026-09-05T10:00:00,,ffef164f519e432a82fac4d53c867515,-
ウルトラ漫,2026-10-15,19:00,19:15,20:15,渋谷よしもと漫才劇場,"2,000","2,500",滝音／からし蓮根／カベポスター／ド桜／インテイク／江頭一馬,https://x.gd/mu3Zb,,"1,300",2026-08-25T11:00:00,2026-08-28T11:00:00,2026-09-05T10:00:00,,bbb66a2548d24b42a8996e7c9eedb19b,-
神保町カントリークラブ,2026-10-15,20:45,21:00,22:00,神保町よしもと漫才劇場,"1,800","2,300",ダンビラムーチョ 大原／ゆにばーす 川瀬名人／くらげ 渡辺／ケビンス 山口コンボイ／ド桜 村田／ミカボ 土屋／インテイク 鈴木／世界クジラ 和泉／他,https://x.gd/9F1wa,,"1,300",2026-08-25T11:00:00,2026-08-28T11:00:00,2026-09-05T10:00:00,,c92392fc8bed46e293425a1593c73ec5,-
渋谷Kiwami極LIVEプラス＋,2026-10-16,17:00,17:15,18:25,渋谷よしもと漫才劇場,"1,500","1,800",エバース／シカゴ実業／スロッピ／マルセイユ／今井らいぱち／スーパーサイズ・ミー／ペッパーGuys／インテイク／他,https://x.gd/3ubaP,,"1,300",2026-08-25T11:00:00,2026-08-28T11:00:00,2026-09-05T10:00:00,,7b45bad98a4a45ada42cc6db052d0571,-
神保町マンゲキお笑いライブ,2026-10-17,10:45,11:00,12:15,神保町よしもと漫才劇場,"2,500","2,800",滝音／エルフ／めぞん／シカゴ実業／ミカボ／アズーロ24／マリーマリー／インテイク／ゼロカラン／他,https://x.gd/rIVal,,,2026-08-25T11:00:00,2026-08-28T11:00:00,2026-09-05T10:00:00,,fd1b575fbb8144509a1b2afe8598610b,-
神保町マンゲキお笑いライブ,2026-10-17,12:45,13:00,14:15,神保町よしもと漫才劇場,"2,500","2,800",滝音／エルフ／めぞん／シカゴ実業／ミカボ／アズーロ24／マリーマリー／インテイク／ゼロカラン／他,https://x.gd/ddJ2j,,,2026-08-25T11:00:00,2026-08-28T11:00:00,2026-09-05T10:00:00,,c2e1f83d9ca74a568500f1f2c704b90f,-
神保町マンゲキお笑いライブ,2026-10-17,14:45,15:00,16:15,神保町よしもと漫才劇場,"2,500","2,800",滝音／エルフ／めぞん／シカゴ実業／ミカボ／アズーロ24／マリーマリー／インテイク／ゼロカラン／他,https://x.gd/7i7YY,,,2026-08-25T11:00:00,2026-08-28T11:00:00,2026-09-05T10:00:00,,b50ed6da9bc945ab9e5ce3310a9a6ebd,-
グランドバトルEAST 第三部,2026-10-18,16:45,17:00,19:00,渋谷よしもと漫才劇場,"2,300","2,800",セッツァー／キンボシ／ダンビラムーチョ／スクラップス／黄昏の森／ドッチモドッチ／ラニーノーズ／赤嶺総理／世間知らズ／ブラゴーリ／ミカボ／9番街レトロ／軟水／バリカタ友情飯／マリーマリー／めぞん／インテイク／鉄人小町／ヨネダ2000,https://x.gd/L9zXf,,,2026-08-25T11:00:00,2026-08-28T11:00:00,2026-09-05T10:00:00,,26ee047668974853b46c7e1c7778dc28,-
Elephant,2026-10-19,20:45,21:00,22:00,神保町よしもと漫才劇場,"1,500","2,000",ビューティフルトーキョーマンズ 鈴木バイダン／エルフ／バリカタ友情飯／インテイク,https://x.gd/tmGsu,,,2026-08-25T11:00:00,2026-08-28T11:00:00,2026-09-05T10:00:00,,d53b9a34945043b9b2e1d32cdb2d3266,-
渋谷Kiwami極LIVEプラス＋,2026-10-21,17:30,17:45,18:55,渋谷よしもと漫才劇場,"1,500","1,800",エバース／いぬ／まんじろう／九条ジョー／シモリュウ／ぱろぱろ／ラニーノーズ／エルフ／インテイク／他,https://x.gd/RE2v8,,"1,300",2026-08-25T11:00:00,2026-08-28T11:00:00,2026-09-05T10:00:00,,4c371ffffda7437ba7949b4aff537a04,-
絶対漫才！,2026-10-21,20:45,21:00,22:00,渋谷よしもと漫才劇場,"2,000","2,500",ランパンプス／カラタチ／くらげ／ドッチモドッチ／素敵じゃないか／エバース／インテイク／世界クジラ／ゲスト：ダブルヒガシ,https://x.gd/sjsCO,,,2026-08-25T11:00:00,2026-08-28T11:00:00,2026-09-05T10:00:00,,bd400582c3684b8ab43bb87bc7f7bca9,-
JORDAN,2026-10-22,19:00,19:15,20:15,渋谷よしもと漫才劇場,"2,000","2,500",インテイク／サンタモニカ／世界クジラ／鉄人小町／ヨネダ2000／アケガラス／MC：令和ロマン 松井ケムリ,https://x.gd/WZlSP,,"1,300",2026-08-25T11:00:00,2026-08-28T11:00:00,2026-09-05T10:00:00,,7051e187258540fbb4dbdef9931c788e,-
渋谷マンゲキお笑いライブ,2026-10-25,10:45,11:00,12:15,渋谷よしもと漫才劇場,"2,800","3,100",しずる／ジェラードン／めぞん／マルセイユ／シモリュウ／太鵬／軟水／インテイク／他,https://x.gd/PwPYV,,,2026-08-25T11:00:00,2026-08-28T11:00:00,2026-09-05T10:00:00,,798455e55a254b86b529be65b39cf3fb,-
渋谷マンゲキお笑いライブ,2026-10-25,12:30,12:45,14:00,渋谷よしもと漫才劇場,"2,800","3,100",しずる／ジェラードン／めぞん／マルセイユ／シモリュウ／太鵬／軟水／インテイク／他,https://x.gd/3k67Q,,,2026-08-25T11:00:00,2026-08-28T11:00:00,2026-09-05T10:00:00,,be5f444fe1d542ff8c068543569002b1,-
渋谷マンゲキお笑いライブ,2026-10-25,14:15,14:30,15:45,渋谷よしもと漫才劇場,"2,800","3,100",しずる／ジェラードン／めぞん／マルセイユ／シモリュウ／太鵬／シンクロニシティ／軟水／インテイク／他,https://x.gd/MNVy54,,,2026-08-25T11:00:00,2026-08-28T11:00:00,2026-09-05T10:00:00,,1b5628cb53424e68b55cbbf353578a04,-
スマイルキング,2026-10-28,20:45,21:00,22:00,渋谷よしもと漫才劇場,"2,000","2,500",エバース／シンクロニシティ／軟水／インテイク／イチゴ／ゼロカラン,https://x.gd/xb8qdF,,"1,300",2026-08-25T11:00:00,2026-08-28T11:00:00,2026-09-05T10:00:00,,4f560278e720419d97c9f0698481b0d6,-
バティオスで#ワイガヤ《2部》,2026-09-23,15:50,16:10,18:10,新宿バティオス,"2,200(当日支払い)",,インテイク / 鬼塚ムソウ / ぎょねこ / さすらいラビー / さんだる / Sticky² / スパイシーガーリック / 世界クジラ / 大王 / ド桜 / ファイヤーサンダー / フランツ / フランスピアノ / ランパンプス,https://x.gd/KA4PN,,,,,2026-08-25T22:45:00,,3ba25e25bb724662a7657cbc295793f3,-
漫ドリル,2026-09-21,19:45,20:00,21:00,新宿ハイジアV-1,"2,500(当日払い)","3,000",インテイク / カガリ / コダマペンギン / サンタモニカ / 世襲 / ド桜 / 春組織 / ボブのコーラ / うちまつげ,https://x.gd/NKnWy,,,,,,,7b838572f7144b7aa3bc7ac38e1dd898,-
神速ティッド寄席,2026-10-08,18:50,19:00,20:00,大宮ラクーンよしもと劇場,"1,800","2,100",タモンズ／ゴング／きっと君はくるさ／カゲヤマ／インテイク,https://x.gd/Z6xSM,,"1,300",2026-08-29T11:00:00,2026-08-31T11:00:00,2026-09-02T10:00:00,,b59a9fc06ca440bebff3b7dc8d6a63e0,-
神速ティッドコーナー,2026-10-08,20:20,20:30,21:30,大宮ラクーンよしもと劇場,"1,800","2,100",タモンズ／ゴング／きっと君はくるさ／カゲヤマ／インテイク,https://x.gd/Z6xSM,,"1,300",2026-08-29T11:00:00,2026-08-31T11:00:00,2026-09-02T10:00:00,,ab30d7e0b848401db6b7214244619004,-
よしもと漫才リーグ チームライブ～大王チーム編～,2026-10-27,20:45,21:00,22:00,よしもと幕張イオンモール劇場,"2,000","2,500",大王／めぞん／9番街レトロ／ミカボ／インテイク／兄弟／ツーナッカン／LLR／マリーマリー,https://x.gd/YGwE2o,,"1,500",2026-08-29T11:00:00,2026-08-31T11:00:00,2026-09-02T10:00:00,,63cbbeb912d24eb480cfedc566ae498e,-
ボニータ新ネタライブ,2026-09-10,21:15,21:30,22:30,新宿バッシュ!!,"2,000(当日払い)",,ボニータ / さすらいラビー / 春組織 / インテイク / わっきゃい,https://x.gd/keWiU,,,,,2026-08-30T23:10:00,,689d0892070d4c8eb86e15bc0c61a679,-
武蔵野芸能劇場で#ワイガヤ,2026-08-31,19:00,19:15,21:15,武蔵野芸能劇場,"2,500(当日払い)",,オッパショ石 / カフカノ / キュウ / 金の国 / 小海のムニエル / ザ・ギース / さんだる / Gパンパンダ / シティホテル3号室 / センチネル / 定点計画 / 伝書鳩 / 人間横丁 / ハマノとヘンミ / ひつじねいり / ファイヤーサンダー / ペ / ガクヅケ / さすらいラビー / ザ・マミィ / ジグザグジギー / インテイク,https://x.gd/mWybS,,,,,,,c658a84f0d204bebb94350967cdf8403,-
漫ドリル,2026-10-12,19:45,20:00,21:00,新宿ハイジアV-1,"2,500","3,000",入間国際宣言 / イワサキ / インテイク / 演芸おんせん / 世襲 / 畑・前島ペア / フランツ / ライオンロック / イチゴ,https://x.gd/2pyGT,,,,,2026-09-01T22:55:00,,8d52e20faf3c41a0b13006ee3f67c437,-
ろくろっ首,2026-10-26,21:15,21:30,22:30,高円寺ジュンジョー,"2,200",,インテイク / 小虎 / センチネル / 無尽蔵,https://x.gd/7CFme,,,,,2026-09-01T23:20:00,,f0a23381fa3948848f7effef049b1b61,-
積,2026-10-04,19:45,20:00,21:10,武蔵野芸能劇場,"2,200",,インテイク / TCクラクション / ストレッチーズ,https://x.gd/bfRQW,,,,,2026-09-01T23:10:00,,b49355c0404f43e59f269fbbd9a00c04,-
ダイタクの即漫倶楽部,2026-09-27,16:15,16:30,18:00,大宮ラクーンよしもと劇場,"2,000","2,300",ダイタク／インテイク,https://x.gd/RfQ6v,https://x.gd/7dfdw,"1,300",,,,,920308bd520e4ab38e2f1ca64052255f,-
おるぁ！vol.5,2026-10-10,16:15,16:30,18:00,新宿バッシュ!!,"2,000(当日払い)","2,000",アルバカーキ / うちまつげ / 今夜も星が綺麗 / フランスピアノ / マードック / まんじゅう大帝国 / TCクラクション / インテイク,https://x.gd/ItBLG,,,,,2026-09-05T22:00:00,,3e25c0db148f4b48862320f6ab5dafe9,-
LLRの幕張ファクトリー～僕たち幕張でこのネタ初めてやります～,2026-09-11,17:30,18:00,19:00,よしもと幕張イオンモール劇場,"2,000","2,500",LLR／大谷健太／インポッシブル／インテイク／【MC】たけうちっち,https://x.gd/9t99D,,,,,,,980bc897d38d45ba8e9637b2dfab6d99,-
漫才王者王様,2026-10-07,19:00,19:30,,座・高円寺2,"3,000(当日払い)",,ハラハシモト / エマ / 高速ぷりん / TCクラクション / 大王 / インテイク / カラタチ / ストレッチーズ / シンクロニシティ,https://x.gd/O7kjl,,,,,2026-09-08T18:00:00,,9064a0b1c07041db88e29e192790bd7f,-
ダイタクトークライブ「わかってもらえるさ」,2026-09-27,18:15,18:30,19:30,大宮ラクーンよしもと劇場,"1,800","2,100",ダイタク／インテイク,https://x.gd/Sf6Rz,https://x.gd/0WMsZ,"1,300",,,,,f3f7e8d1d9c240778da1b41d93631726,-
つちふまズが齋藤にインテイクを紹介するライブ,2026-11-23,13:30,14:00,,演劇専用小劇場BLOCH,"1,500",,齋藤のようなもの ゲスト：つちふまズ、インテイク,https://x.gd/49sbU,,,,,2026-09-18T10:00:00,,aa828b7dda284b6b9b74a647888f02c8,-
齋藤がつちふまズとインテイクをおもてなしするライブ,2026-11-23,16:30,17:00,,演劇専用小劇場BLOCH,"1,500",,齋藤のようなもの ゲスト：つちふまズ、インテイク,https://x.gd/WhQKJ5,,,,,2026-09-18T10:00:00,,634b0eb186b446799f0417c4095e1654,-
なぞの芸能小劇場3,2026-10-01,19:10,19:30,21:20,なかの芸能小劇場,"2,500(当日支払)",,インテイク / サツマカワRPG / ストレッチーズ / ピュート / ヤッホイ / リバーマン,https://x.gd/XDC2r,,,,,,,db801e510c1344a08f0b059cf46c5bb7,-
バティオスで#ワイガヤ《2部》,2026-10-12,15:50,16:10,18:10,新宿バティオス,"2,200(当日支払)",,インテイク / イワサキ / 鬼塚ムソウ / 金の国 / 群青団地 / さすらいラビー / さんだる / 寺田寛明 / 徳原旅行 / 永田敬介 / ベルナルド / 豆鉄砲 / 無尽蔵 / 百恵 / Sticky²,https://x.gd/OqsAm,,,,,2026-09-17T23:10:00,,e208756111e343b79375a154e28a88bb,-
ネタやって２階から主張するライブ,2026-10-20,19:15,19:30,21:00,としま区民センター多目的ホール,"2,000","2,000",さすらいラビー / Yes!アキト / 森本サイダー / リクロジー / 喫茶ムーン / インテイク,https://x.gd/9oA0R,,,,,2026-09-21T12:00:00,,f141ef02f3b547568c1ff0ef26308dcb,-
神保町マンゲキお笑いライブ,2026-11-01,10:45,11:00,12:15,神保町よしもと漫才劇場,"2,500","2,800",マルセイユ／世間知らズ／アメリカンBBチキン／9番街レトロ／インテイク／ゼロカラン／兄弟／他,https://x.gd/nPe2T,,,,,2026-10-05T10:00:00,,30a5fd1b377c447c8eef08f8a1626dd1,-
神保町マンゲキお笑いライブ,2026-11-01,12:45,13:00,14:15,神保町よしもと漫才劇場,"2,500","2,800",マルセイユ／世間知らズ／9番街レトロ／バリカタ友情飯／インテイク／ゼロカラン／兄弟／他,https://x.gd/CxNRv,,,,,2026-10-05T10:00:00,,b90142dd508b46bc9495b1f6675816c0,-
神保町マンゲキお笑いライブ,2026-11-01,14:45,15:00,16:15,神保町よしもと漫才劇場,"2,500","2,800",マルセイユ／世間知らズ／おミュータンツ／9番街レトロ／インテイク／ゼロカラン／兄弟／他,https://x.gd/PSP6o,,,,,2026-10-05T10:00:00,,89bf13f845334941898c6525427dacdb,-
神保町Kakeru翔SP,2026-11-04,17:15,17:30,18:30,神保町よしもと漫才劇場,"1,500","1,800",めぞん／インテイク／大王／セカンドロット／他,https://x.gd/7hGeW,,,,,2026-10-05T10:00:00,,a65ff26bd51e49a2972398dac7226e0a,-
ただならぬ刀肝入り『ゴリラパンチ』,2026-11-04,19:00,19:15,20:15,神保町よしもと漫才劇場,"1,500","2,000",ただならぬ刀／めぞん／インテイク／喫茶ムーン,https://x.gd/6HC2q,,"1,300",,,2026-10-05T10:00:00,,65780187367f461095d63dec5b2a6e69,-
神保町Kakeru翔SP,2026-11-05,16:45,17:00,18:00,神保町よしもと漫才劇場,"1,500","1,800",ケビンス／軟水／インテイク／伝書鳩／とりせん／球技大会／他,https://x.gd/cX5v6,,,,,2026-10-05T10:00:00,,31bcaa232ccb4b1d9c3d2389a6cde12e,-
渋谷マンゲキお笑いライブ,2026-11-07,10:45,11:00,12:15,渋谷よしもと漫才劇場,"2,800","3,100",9番街レトロ／九条ジョー／ケビンス／世間知らズ／ぶったま／太鵬／インテイク／伝書鳩／他,https://x.gd/zzZ9b,,,,,2026-10-05T10:00:00,,2902f1534f684ae0932fd648dbdf4bf3,-
渋谷マンゲキお笑いライブ,2026-11-07,12:30,12:45,13:00,渋谷よしもと漫才劇場,"2,800","3,100",9番街レトロ／九条ジョー／ケビンス／世間知らズ／ぶったま／太鵬／インテイク／伝書鳩／他,https://x.gd/fNc5u,,,,,2026-10-05T10:00:00,,5bcbaf7ee4ee4c1dafa0e2ba3c779f7b,-
渋谷マンゲキお笑いライブ,2026-11-07,14:15,14:30,15:45,渋谷よしもと漫才劇場,"2,800","3,100",9番街レトロ／スロッピ／九条ジョー／ケビンス／世間知らズ／太鵬／インテイク／伝書鳩／他,https://x.gd/Xlgrw,,,,,2026-10-05T10:00:00,,e4a9c8b6f6de43d08abc95b2983edb50,-
神保町翔KakeruSP,2026-11-09,17:15,17:30,18:30,神保町よしもと漫才劇場,"1,500","1,800",kento fukaya／9番街レトロ／インテイク／金魚番長／パウリスタ／他,https://x.gd/iEHCs,,,,,2026-10-05T10:00:00,,b88fcfe292aa40e5939be4ee00340299,-
ウルトラ漫,2026-11-09,19:00,19:15,20:15,渋谷よしもと漫才劇場,"2,000","2,500",滝音／からし蓮根／カベポスター／ド桜／インテイク／江頭一馬,https://x.gd/7P5k0,,"1,300",,,2026-10-05T10:00:00,,8d91ba292331422b9d28414217ab10d3,-
Elephant,2026-11-09,20:45,21:00,22:00,神保町よしもと漫才劇場,"1,500","1,800",ビューティフルトーキョーマンズ 鈴木バイダン／エルフ／バリカタ友情飯／インテイク,https://x.gd/46jfp,,,,,2026-10-05T10:00:00,,63e4c3d352fb4756ab7c05bc6bbe653a,-
渋谷Kiwami極LIVEプラス＋,2026-11-12,17:00,17:15,18:25,渋谷よしもと漫才劇場,"1,500","1,800",蛙亭／さや香／エバース／黄昏の森／ぶったま／ペッパーGuys／インテイク／世界クジラ／他,https://x.gd/zsoKF,,"1,300",,,2026-10-05T10:00:00,,084db92318474b5da96a0499ae012642,-
スマイルキング,2026-11-15,20:45,21:00,22:00,渋谷よしもと漫才劇場,"2,000","2,500",エバース／シンクロニシティ／軟水／インテイク／イチゴ／ゼロカラン,https://x.gd/Japao,,"1,300",,,2026-10-05T10:00:00,,be19f80102ae41a4a78006827f5f5a6e,-
渋谷Kiwami極LIVEプラス＋,2026-11-18,17:00,17:15,18:25,渋谷よしもと漫才劇場,"1,500","1,800",エバース／ヨネダ2000／今井らいぱち／ランパンプス／スクラップス／まちるだ／アズーロ24／インテイク／他,https://x.gd/YfILa,,"1,300",,,2026-10-05T10:00:00,,32f03d20c00b4d8e9cd08f5c33fa8e47,-
JORDAN,2026-11-18,19:00,19:15,20:15,渋谷よしもと漫才劇場,"2,000","2,500",インテイク／サンタモニカ／世界クジラ／鉄人小町／ヨネダ2000／MC：令和ロマン 松井ケムリ,https://x.gd/MmnN9,,"1,300",,,2026-10-05T10:00:00,,26b44dc7686845ea95b62b840610cd5d,-
絶対漫才！,2026-11-18,20:45,21:00,22:00,渋谷よしもと漫才劇場,"2,000","2,500",ランパンプス／カラタチ／くらげ／ドッチモドッチ／素敵じゃないか／エバース／インテイク／世界クジラ,https://x.gd/UMyGe,,"1,300",,,2026-10-05T10:00:00,,fcb5c878ba78425582c075aaa6148218,-
神保町マンゲキお笑いライブ,2026-11-21,10:45,11:00,12:15,神保町よしもと漫才劇場,"2,500","2,800",そいつどいつ／オフローズ／軟水／インテイク／大王／他,https://x.gd/GAlzx,,,,,2026-10-05T10:00:00,,8fb0705887654bf4988d04ef2ee7e8bc,-
神保町マンゲキお笑いライブ,2026-11-21,12:45,13:00,14:15,神保町よしもと漫才劇場,"2,500","2,800",そいつどいつ／オフローズ／軟水／インテイク／大王／他,https://x.gd/1oe07k,,,,,2026-10-05T10:00:00,,8836fb6378ed44cb9529128c1107c4f1,-
神保町マンゲキお笑いライブ,2026-11-21,14:45,15:00,16:15,神保町よしもと漫才劇場,"2,500","2,800",そいつどいつ／オフローズ／軟水／インテイク／大王／他,https://x.gd/dYnmd,,,,,2026-10-05T10:00:00,,3e224095022f4129a61b074a3742eae8,-
渋谷マンゲキお笑いライブ,2026-11-28,10:45,11:00,12:15,渋谷よしもと漫才劇場,"2,800","3,100",ゆにばーす／ドンデコルテ／9番街レトロ／田津原理音／ミカボ／インテイク／兄弟／他,https://x.gd/wyhmZ,,,,,2026-10-05T10:00:00,,ffc8367af350463abf3f87be641eaf9a,-
渋谷マンゲキお笑いライブ,2026-11-28,12:30,12:45,14:00,渋谷よしもと漫才劇場,"2,800","3,100",ゆにばーす／ドンデコルテ／9番街レトロ／田津原理音／ミカボ／インテイク／兄弟／他,https://x.gd/qnxv8,,,,,2026-10-05T10:00:00,,80a913c53a9b4e54be5a220566e0aee1,-
渋谷マンゲキお笑いライブ,2026-11-28,14:15,14:30,15:45,渋谷よしもと漫才劇場,"2,800","3,100",ゆにばーす／ドンデコルテ／9番街レトロ／田津原理音／ミカボ／インテイク／兄弟／他,https://x.gd/0BsoX,,,,,2026-10-05T10:00:00,,8fb098afb5c34b73a7bea3d62ed2f759,-
幸福の漫才,2026-09-30,21:40,21:50,23:00,シアターミネルヴァ,"2,000(当日払い)",,ひつじねいり/インテイク/フランツ/ブリキカラス,https://x.gd/6OohB,,,,,,,8ec2ecd3d4ae4c4fb72f9a94241c50be,2026-09-25
大宮よしもとネタライブ,2026-10-12,12:15,12:30,13:30,大宮ラクーンよしもと劇場,"2,000","2,500",ラフ次元／カーネーション／シシガシラ／マルセイユ／カベポスター／シンクロニシティ／インテイク／定点計画／他,https://x.gd/3FiwmO,,,,,,,972daca40ff146e2b56557f86937231f,2026-09-26
杉並公会堂で＃ワイガヤ,2026-10-26,19:00,19:20,21:20,杉並公会堂,"2,500(当日払い)",,インテイク / オッパショ石 / 鬼塚ムソウ / カフカノ / キュウ / サツマカワRPG / サンタモニカ / センチネル / タワー / チュランペット / 惹女香花 / フランツ / ぺ / ミネ / ランパンプス,https://x.gd/mFLpo,,,,,,,72ce7a00ae974d5d8414ff656d264982,2026-09-26
漫腹〜まんぷく〜,2026-10-14,19:00,19:20,21:20,杉並公会堂,"2,500(当日払い)",,イチゴ / インテイク / おおぞらモード / オッパショ石 / オフローズ / ガングリオン / キュウ / サンタモニカ / ドリーム北砂店 / 人間横丁 / パンプキンポテトフライ / まんじゅう大帝国 / や団 / ヤッホイ,https://x.gd/60Mya,,,,,,,03d6e9529e874cabbb4ab796918bed00,2026-09-28
神保町お題ネタバトル,2026-10-28,18:15,18:30,20:00,神保町よしもと漫才劇場,"2,500","3,000",カラタチ／キンボシ／世間知らズ／エバース／アズーロ24／太鵬／マリーマリー／インテイク／私東京／エグい速さ／とりせん／ド天国／パウリスタ／あなたとネ,https://x.gd/yVpxJ,https://x.gd/3DGGN,"1,300",,,,,a579afbca0a240caadcad121fb63e05c,2026-09-29
渋谷3分漫才ナイト,2026-10-10,18:45,19:00,20:00,渋谷よしもと漫才劇場,"2,000","2,500",CITY／カラタチ／くらげ／カベポスター／素敵じゃないか／世間知らズ／ミカボ／太鵬／インテイク／鉄人小町／イワサキ／他,https://x.gd/H3bIS,,,,,,,7cb653111b5941aa8c78fda5efdb9135,2026-09-30
幕張土日祝ネタSP14時,2026-10-31,13:30,14:00,15:00,よしもと幕張イオンモール劇場,"3,500","4,000",2丁拳銃／ペナルティ／守谷日和／蓮華／スクールゾーン／たくろう／ぼる塾／インテイク,https://x.gd/7unPd,,,,,,,05b81ab071774e17a59dd2e676b50464,2026-10-02
幕張土日祝ネタSP16時,2026-10-31,15:30,16:00,17:00,よしもと幕張イオンモール劇場,"3,500","4,000",2丁拳銃／ペナルティ／守谷日和／蓮華／スクールゾーン／たくろう／ぼる塾／インテイク,https://x.gd/otYbJ,,,,,,,f93b589eeca9465aac1262ca92b8be66,2026-10-02
幕張土日祝ネタSP12時,2026-11-14,11:30,12:00,13:00,よしもと幕張イオンモール劇場,"3,500","4,000",パンクブーブー／トット／GAG／バンビーノ／コットン／インテイク／他,https://ticket.fany.lol/event/detail/21634/55100?utm_medium=schedule&utm_source=makuhari&utm_campaign=%E5%B9%95%E5%BC%B5%E5%9C%9F%E6%97%A5%E7%A5%9D%E3%83%8D%E3%82%BFSP12%E6%99%82,,,,,,,7da970f008cc4f1aa555e539df1be229,2026-10-06
幕張土日祝ネタSP14時,2026-11-14,13:30,14:00,15:00,よしもと幕張イオンモール劇場,"3,500","4,000",パンクブーブー／トット／GAG／すゑひろがりず／バンビーノ／コットン／インテイク／他,https://ticket.fany.lol/event/detail/21634/55101?utm_medium=schedule&utm_source=makuhari&utm_campaign=%E5%B9%95%E5%BC%B5%E5%9C%9F%E6%97%A5%E7%A5%9D%E3%83%8D%E3%82%BFSP14%E6%99%82,,,,,,,a1d33e892a12426aa18853c24877fde6,2026-10-06
幕張土日祝ネタSP16時,2026-11-14,15:30,16:00,17:00,よしもと幕張イオンモール劇場,"3,500","4,000",パンクブーブー／トット／GAG／すゑひろがりず／バンビーノ／コットン／インテイク／他,https://ticket.fany.lol/event/detail/21634/55102?utm_medium=schedule&utm_source=makuhari&utm_campaign=%E5%B9%95%E5%BC%B5%E5%9C%9F%E6%97%A5%E7%A5%9D%E3%83%8D%E3%82%BFSP16%E6%99%82,,,,,,,fd67abc06a694c0b89238a225ba0cd5b,2026-10-06
積,2026-11-06,19:45,20:00,21:10,武蔵野芸能劇場,"2,200",,インテイク / TCクラクション / ストレッチーズ,https://x.gd/9idEc,,,,,,,ebb099b1d47b41b9ba853880b0b93179,2026-10-07
